URL,Parent URL
https://library.soton.ac.uk/systematic-reviews,https://library.soton.ac.uk/
https://library.soton.ac.uk/openaccess,https://library.soton.ac.uk/
https://library.soton.ac.uk/libraryprojects,https://library.soton.ac.uk/
https://library.soton.ac.uk/newspaperresources,https://library.soton.ac.uk/
https://pastexampapers.soton.ac.uk/,https://library.soton.ac.uk/
https://library.soton.ac.uk/customer-service,https://library.soton.ac.uk/
https://library.soton.ac.uk/research/training,https://library.soton.ac.uk/
https://generic.wordpress.soton.ac.uk/gettingstarted/,https://library.soton.ac.uk/
https://library.soton.ac.uk/sash,https://library.soton.ac.uk/
https://library.soton.ac.uk/research/pure,https://library.soton.ac.uk/
https://library.soton.ac.uk/blog/New-feature-in-Library-Search-search-alerts,https://library.soton.ac.uk/
https://help.soton.ac.uk/$sn-va-web-client-app.do?sysparm_skip_load_history=true&sysparm_branding_key=uos_chat,https://library.soton.ac.uk/
https://viewer.soton.ac.uk/,https://library.soton.ac.uk/
https://library.soton.ac.uk/loans,https://library.soton.ac.uk/
https://library.soton.ac.uk/identifiers/research/publicid/home,https://library.soton.ac.uk/
https://library.soton.ac.uk/wsa/dalian,https://library.soton.ac.uk/
https://library.soton.ac.uk/az.php,https://library.soton.ac.uk/
https://library.soton.ac.uk/openaccess/finding-open-access,https://library.soton.ac.uk/
https://library.soton.ac.uk/hsl,https://library.soton.ac.uk/
https://library.soton.ac.uk/library-exhibition-spaces,https://library.soton.ac.uk/
https://library.soton.ac.uk/home/keycontacts,https://library.soton.ac.uk/
https://library.soton.ac.uk/opening,https://library.soton.ac.uk/
https://library.soton.ac.uk/officialpublications,https://library.soton.ac.uk/
https://library.soton.ac.uk/engagement,https://library.soton.ac.uk/
https://library.soton.ac.uk,https://library.soton.ac.uk/
https://library.soton.ac.uk/research/contacts,https://library.soton.ac.uk/
https://library.soton.ac.uk/home/enquiries,https://library.soton.ac.uk/
https://library.soton.ac.uk/library,https://library.soton.ac.uk/
https://library.soton.ac.uk/blog/Are-you-interested-in-Open-Research-Become-a-UKRN-accredited-trainer,https://library.soton.ac.uk/
https://library.soton.ac.uk/researchdata,https://library.soton.ac.uk/
https://library.soton.ac.uk/thesis,https://library.soton.ac.uk/
https://library.soton.ac.uk/ill,https://library.soton.ac.uk/
https://library.soton.ac.uk/wsa,https://library.soton.ac.uk/
https://southampton.libapps.com/libapps/login.php,https://library.soton.ac.uk/
https://library.soton.ac.uk/blog/Library-loans-issues,https://library.soton.ac.uk/
https://library.soton.ac.uk/sash/online-reading-lists,https://library.soton.ac.uk/
https://www.southampton.ac.uk/archives/,https://library.soton.ac.uk/
https://library.soton.ac.uk/malaysia,https://library.soton.ac.uk/
https://library.soton.ac.uk/research,https://library.soton.ac.uk/
https://www.youtube.com/channel/UCmTW2BlHinv-zLe7a9XG3Og,https://library.soton.ac.uk/
https://sotonac.sharepoint.com/teams/UniversityLibraryArtsIntranet,https://library.soton.ac.uk/
https://archives.soton.ac.uk/,https://library.soton.ac.uk/
https://library.soton.ac.uk/document-supply,https://library.soton.ac.uk/
https://www.southampton.ac.uk/library/regulations/ejournals.page,https://library.soton.ac.uk/
https://library.soton.ac.uk/nhs,https://library.soton.ac.uk/
https://library.soton.ac.uk/techinfo,https://library.soton.ac.uk/
https://library.soton.ac.uk/donations,https://library.soton.ac.uk/
https://library.soton.ac.uk/laptoploans,https://library.soton.ac.uk/
https://library.soton.ac.uk/diversity,https://library.soton.ac.uk/
https://library.soton.ac.uk/home/subjects,https://library.soton.ac.uk/
https://www.instagram.com/UniSotonLibrary/,https://library.soton.ac.uk/
https://library.soton.ac.uk/home/resourceinfo,https://library.soton.ac.uk/
https://www.facebook.com/UniSotonLibrary/,https://library.soton.ac.uk/
https://library.soton.ac.uk/home/contact,https://library.soton.ac.uk/
https://library.soton.ac.uk/homepage,https://library.soton.ac.uk/
https://library.soton.ac.uk/sash/workshops/online-training,https://library.soton.ac.uk/
https://library.soton.ac.uk/returntocampus,https://library.soton.ac.uk/
https://library.soton.ac.uk/blog,https://library.soton.ac.uk/
https://www.southampton.ac.uk/,https://library.soton.ac.uk/
https://www.southampton.ac.uk/isolutions/getting-help/index.page,https://library.soton.ac.uk/
https://library.soton.ac.uk/bibliometrics,https://library.soton.ac.uk/
https://library.soton.ac.uk/hartley,https://library.soton.ac.uk/
https://southampton.on.worldcat.org/advancedsearch,https://library.soton.ac.uk/
https://noc.ac.uk/facilities/national-oceanographic-library/archives-special-collections,https://library.soton.ac.uk/
https://library.soton.ac.uk/wsa/specialcollections,https://library.soton.ac.uk/
https://library.soton.ac.uk/Accessibility-Fire-Safety,https://library.soton.ac.uk/
https://library.soton.ac.uk/librarycatalogues,https://library.soton.ac.uk/
https://www.southampton.ac.uk/archives,https://library.soton.ac.uk/
https://library.soton.ac.uk/nol,https://library.soton.ac.uk/
https://library.soton.ac.uk/offcampus_access,https://library.soton.ac.uk/
https://noc.ac.uk/facilities/national-oceanographic-library/visitor-access,https://library.soton.ac.uk/
https://library.soton.ac.uk/appointment,https://library.soton.ac.uk/
https://library.soton.ac.uk/customer-service/visit,https://library.soton.ac.uk/
https://library.soton.ac.uk/home/feedback,https://library.soton.ac.uk/
https://twitter.com/UniSotonLibrary,https://library.soton.ac.uk/
https://library.soton.ac.uk/,https://library.soton.ac.uk/
https://library.soton.ac.uk/Accessibility-Fire-Safety/accessibility-statement-for-library-website/,https://library.soton.ac.uk/
https://library.soton.ac.uk/copyright/researchers,https://library.soton.ac.uk/
https://library.soton.ac.uk/digital-scholarship,https://library.soton.ac.uk/
https://library.soton.ac.uk/supporting-staff/resources,https://library.soton.ac.uk/
https://www.southampton.ac.uk/isolutions/students/lynda-com.page,https://library.soton.ac.uk/
https://www.thinglink.com/card/1734893194337845734,https://library.soton.ac.uk/
https://library.soton.ac.uk/offcampus,https://library.soton.ac.uk/
https://www.southampton.ac.uk/library,https://library.soton.ac.uk/
